010101-0000,10001,10001,biker0000,24100
010101-0001,10002,10002,biker0001,24101
010101-0002,10003,10003,biker0002,24102
010101-0003,10004,10004,biker0003,24103
010101-0004,10005,10005,biker0004,24104
010101-0005,10006,10006,biker0005,24105
010101-0006,10007,10007,biker0006,24106
010101-0007,10008,10008,biker0007,24107
010101-0008,10009,10009,biker0008,24108
010101-0009,10010,10010,biker0009,24109
010101-0010,10011,10011,biker0010,24110
010101-0011,10012,10012,biker0011,24111
010101-0012,10013,10013,biker0012,24112
010101-0013,10014,10014,biker0013,24113
010101-0014,10015,10015,biker0014,24114
010101-0015,10016,10016,biker0015,24115
010101-0016,10017,10017,biker0016,24116
010101-0017,10018,10018,biker0017,24117
010101-0018,10019,10019,biker0018,24118
010101-0019,10020,10020,biker0019,24119
010101-0020,10021,10021,biker0020,24120
010101-0021,10022,10022,biker0021,24121
010101-0022,10023,10023,biker0022,24122
010101-0023,10024,10024,biker0023,24123
010101-0024,10025,10025,biker0024,24124
010101-0025,10026,10026,biker0025,24125
010101-0026,10027,10027,biker0026,24126
010101-0027,10028,10028,biker0027,24127
010101-0028,10029,10029,biker0028,24128
010101-0029,10030,10030,biker0029,24129
010101-0030,10031,10031,biker0030,24130
010101-0031,10032,10032,biker0031,24131
010101-0032,10033,10033,biker0032,24132
010101-0033,10034,10034,biker0033,24133
010101-0034,10035,10035,biker0034,24134
010101-0035,10036,10036,biker0035,24135
010101-0036,10037,10037,biker0036,24136
010101-0037,10038,10038,biker0037,24137
010101-0038,10039,10039,biker0038,24138
010101-0039,10040,10040,biker0039,24139
010101-0040,10041,10041,biker0040,24140
010101-0041,10042,10042,biker0041,24141
010101-0042,10043,10043,biker0042,24142
010101-0043,10044,10044,biker0043,24143
010101-0044,10045,10045,biker0044,24144
010101-0045,10046,10046,biker0045,24145
010101-0046,10047,10047,biker0046,24146
010101-0047,10048,10048,biker0047,24147
010101-0048,10049,10049,biker0048,24148
010101-0049,10050,10050,biker0049,24149
010101-0050,10051,10051,biker0050,24150
010101-0051,10052,10052,biker0051,24151
010101-0052,10053,10053,biker0052,24152
010101-0053,10054,10054,biker0053,24153
010101-0054,10055,10055,biker0054,24154
010101-0055,10056,10056,biker0055,24155
010101-0056,10057,10057,biker0056,24156
010101-0057,10058,10058,biker0057,24157
010101-0058,10059,10059,biker0058,24158
010101-0059,10060,10060,biker0059,24159
010101-0060,10061,10061,biker0060,24160
010101-0061,10062,10062,biker0061,24161
010101-0062,10063,10063,biker0062,24162
010101-0063,10064,10064,biker0063,24163
010101-0064,10065,10065,biker0064,24164
010101-0065,10066,10066,biker0065,24165
010101-0066,10067,10067,biker0066,24166
010101-0067,10068,10068,biker0067,24167
010101-0068,10069,10069,biker0068,24168
010101-0069,10070,10070,biker0069,24169
010101-0070,10071,10071,biker0070,24170
010101-0071,10072,10072,biker0071,24171
010101-0072,10073,10073,biker0072,24172
010101-0073,10074,10074,biker0073,24173
010101-0074,10075,10075,biker0074,24174
010101-0075,10076,10076,biker0075,24175
010101-0076,10077,10077,biker0076,24176
010101-0077,10078,10078,biker0077,24177
010101-0078,10079,10079,biker0078,24178
010101-0079,10080,10080,biker0079,24179
010101-0080,10081,10081,biker0080,24180
010101-0081,10082,10082,biker0081,24181
010101-0082,10083,10083,biker0082,24182
010101-0083,10084,10084,biker0083,24183
010101-0084,10085,10085,biker0084,24184
010101-0085,10086,10086,biker0085,24185
010101-0086,10087,10087,biker0086,24186
010101-0087,10088,10088,biker0087,24187
010101-0088,10089,10089,biker0088,24188
010101-0089,10090,10090,biker0089,24189
010101-0090,10091,10091,biker0090,24190
010101-0091,10092,10092,biker0091,24191
010101-0092,10093,10093,biker0092,24192
010101-0093,10094,10094,biker0093,24193
010101-0094,10095,10095,biker0094,24194
010101-0095,10096,10096,biker0095,24195
010101-0096,10097,10097,biker0096,24196
010101-0097,10098,10098,biker0097,24197
010101-0098,10099,10099,biker0098,24198
010101-0099,10100,10100,biker0099,24199
010101-0100,10101,10101,biker0100,24200
010101-0101,10102,10102,biker0101,24201
010101-0102,10103,10103,biker0102,24202
010101-0103,10104,10104,biker0103,24203
010101-0104,10105,10105,biker0104,24204
010101-0105,10106,10106,biker0105,24205
010101-0106,10107,10107,biker0106,24206
010101-0107,10108,10108,biker0107,24207
010101-0108,10109,10109,biker0108,24208
010101-0109,10110,10110,biker0109,24209
010101-0110,10111,10111,biker0110,24210
010101-0111,10112,10112,biker0111,24211
010101-0112,10113,10113,biker0112,24212
010101-0113,10114,10114,biker0113,24213
010101-0114,10115,10115,biker0114,24214
010101-0115,10116,10116,biker0115,24215
010101-0116,10117,10117,biker0116,24216
010101-0117,10118,10118,biker0117,24217
010101-0118,10119,10119,biker0118,24218
010101-0119,10120,10120,biker0119,24219
010101-0120,10121,10121,biker0120,24220
010101-0121,10122,10122,biker0121,24221
010101-0122,10123,10123,biker0122,24222
010101-0123,10124,10124,biker0123,24223
010101-0124,10125,10125,biker0124,24224
010101-0125,10126,10126,biker0125,24225
010101-0126,10127,10127,biker0126,24226
010101-0127,10128,10128,biker0127,24227
010101-0128,10129,10129,biker0128,24228
010101-0129,10130,10130,biker0129,24229
010101-0130,10131,10131,biker0130,24230
010101-0131,10132,10132,biker0131,24231
010101-0132,10133,10133,biker0132,24232
010101-0133,10134,10134,biker0133,24233
010101-0134,10135,10135,biker0134,24234
010101-0135,10136,10136,biker0135,24235
010101-0136,10137,10137,biker0136,24236
010101-0137,10138,10138,biker0137,24237
010101-0138,10139,10139,biker0138,24238
010101-0139,10140,10140,biker0139,24239
010101-0140,10141,10141,biker0140,24240
010101-0141,10142,10142,biker0141,24241
010101-0142,10143,10143,biker0142,24242
010101-0143,10144,10144,biker0143,24243
010101-0144,10145,10145,biker0144,24244
010101-0145,10146,10146,biker0145,24245
010101-0146,10147,10147,biker0146,24246
010101-0147,10148,10148,biker0147,24247
010101-0148,10149,10149,biker0148,24248
010101-0149,10150,10150,biker0149,24249
010101-0150,10151,10151,biker0150,24250
010101-0151,10152,10152,biker0151,24251
010101-0152,10153,10153,biker0152,24252
010101-0153,10154,10154,biker0153,24253
010101-0154,10155,10155,biker0154,24254
010101-0155,10156,10156,biker0155,24255
010101-0156,10157,10157,biker0156,24256
010101-0157,10158,10158,biker0157,24257
010101-0158,10159,10159,biker0158,24258
010101-0159,10160,10160,biker0159,24259
010101-0160,10161,10161,biker0160,24260
010101-0161,10162,10162,biker0161,24261
010101-0162,10163,10163,biker0162,24262
010101-0163,10164,10164,biker0163,24263
010101-0164,10165,10165,biker0164,24264
010101-0165,10166,10166,biker0165,24265
010101-0166,10167,10167,biker0166,24266
010101-0167,10168,10168,biker0167,24267
010101-0168,10169,10169,biker0168,24268
010101-0169,10170,10170,biker0169,24269
010101-0170,10171,10171,biker0170,24270
010101-0171,10172,10172,biker0171,24271
010101-0172,10173,10173,biker0172,24272
010101-0173,10174,10174,biker0173,24273
010101-0174,10175,10175,biker0174,24274
010101-0175,10176,10176,biker0175,24275
010101-0176,10177,10177,biker0176,24276
010101-0177,10178,10178,biker0177,24277
010101-0178,10179,10179,biker0178,24278
010101-0179,10180,10180,biker0179,24279
010101-0180,10181,10181,biker0180,24280
010101-0181,10182,10182,biker0181,24281
010101-0182,10183,10183,biker0182,24282
010101-0183,10184,10184,biker0183,24283
010101-0184,10185,10185,biker0184,24284
010101-0185,10186,10186,biker0185,24285
010101-0186,10187,10187,biker0186,24286
010101-0187,10188,10188,biker0187,24287
010101-0188,10189,10189,biker0188,24288
010101-0189,10190,10190,biker0189,24289
010101-0190,10191,10191,biker0190,24290
010101-0191,10192,10192,biker0191,24291
010101-0192,10193,10193,biker0192,24292
010101-0193,10194,10194,biker0193,24293
010101-0194,10195,10195,biker0194,24294
010101-0195,10196,10196,biker0195,24295
010101-0196,10197,10197,biker0196,24296
010101-0197,10198,10198,biker0197,24297
010101-0198,10199,10199,biker0198,24298
010101-0199,10200,10200,biker0199,24299
010101-0200,10201,10201,biker0200,24300
010101-0201,10202,10202,biker0201,24301
010101-0202,10203,10203,biker0202,24302
010101-0203,10204,10204,biker0203,24303
010101-0204,10205,10205,biker0204,24304
010101-0205,10206,10206,biker0205,24305
010101-0206,10207,10207,biker0206,24306
010101-0207,10208,10208,biker0207,24307
010101-0208,10209,10209,biker0208,24308
010101-0209,10210,10210,biker0209,24309
010101-0210,10211,10211,biker0210,24310
010101-0211,10212,10212,biker0211,24311
010101-0212,10213,10213,biker0212,24312
010101-0213,10214,10214,biker0213,24313
010101-0214,10215,10215,biker0214,24314
010101-0215,10216,10216,biker0215,24315
010101-0216,10217,10217,biker0216,24316
010101-0217,10218,10218,biker0217,24317
010101-0218,10219,10219,biker0218,24318
010101-0219,10220,10220,biker0219,24319
010101-0220,10221,10221,biker0220,24320
010101-0221,10222,10222,biker0221,24321
010101-0222,10223,10223,biker0222,24322
010101-0223,10224,10224,biker0223,24323
010101-0224,10225,10225,biker0224,24324
010101-0225,10226,10226,biker0225,24325
010101-0226,10227,10227,biker0226,24326
010101-0227,10228,10228,biker0227,24327
010101-0228,10229,10229,biker0228,24328
010101-0229,10230,10230,biker0229,24329
010101-0230,10231,10231,biker0230,24330
010101-0231,10232,10232,biker0231,24331
010101-0232,10233,10233,biker0232,24332
010101-0233,10234,10234,biker0233,24333
010101-0234,10235,10235,biker0234,24334
010101-0235,10236,10236,biker0235,24335
010101-0236,10237,10237,biker0236,24336
010101-0237,10238,10238,biker0237,24337
010101-0238,10239,10239,biker0238,24338
010101-0239,10240,10240,biker0239,24339
010101-0240,10241,10241,biker0240,24340
010101-0241,10242,10242,biker0241,24341
010101-0242,10243,10243,biker0242,24342
010101-0243,10244,10244,biker0243,24343
010101-0244,10245,10245,biker0244,24344
010101-0245,10246,10246,biker0245,24345
010101-0246,10247,10247,biker0246,24346
010101-0247,10248,10248,biker0247,24347
010101-0248,10249,10249,biker0248,24348
010101-0249,10250,10250,biker0249,24349
010101-0250,10251,10251,biker0250,24350
010101-0251,10252,10252,biker0251,24351
010101-0252,10253,10253,biker0252,24352
010101-0253,10254,10254,biker0253,24353
010101-0254,10255,10255,biker0254,24354
010101-0255,10256,10256,biker0255,24355
010101-0256,10257,10257,biker0256,24356
010101-0257,10258,10258,biker0257,24357
010101-0258,10259,10259,biker0258,24358
010101-0259,10260,10260,biker0259,24359
010101-0260,10261,10261,biker0260,24360
010101-0261,10262,10262,biker0261,24361
010101-0262,10263,10263,biker0262,24362
010101-0263,10264,10264,biker0263,24363
010101-0264,10265,10265,biker0264,24364
010101-0265,10266,10266,biker0265,24365
010101-0266,10267,10267,biker0266,24366
010101-0267,10268,10268,biker0267,24367
010101-0268,10269,10269,biker0268,24368
010101-0269,10270,10270,biker0269,24369
010101-0270,10271,10271,biker0270,24370
010101-0271,10272,10272,biker0271,24371
010101-0272,10273,10273,biker0272,24372
010101-0273,10274,10274,biker0273,24373
010101-0274,10275,10275,biker0274,24374
010101-0275,10276,10276,biker0275,24375
010101-0276,10277,10277,biker0276,24376
010101-0277,10278,10278,biker0277,24377
010101-0278,10279,10279,biker0278,24378
010101-0279,10280,10280,biker0279,24379
010101-0280,10281,10281,biker0280,24380
010101-0281,10282,10282,biker0281,24381
010101-0282,10283,10283,biker0282,24382
010101-0283,10284,10284,biker0283,24383
010101-0284,10285,10285,biker0284,24384
010101-0285,10286,10286,biker0285,24385
010101-0286,10287,10287,biker0286,24386
010101-0287,10288,10288,biker0287,24387
010101-0288,10289,10289,biker0288,24388
010101-0289,10290,10290,biker0289,24389
010101-0290,10291,10291,biker0290,24390
010101-0291,10292,10292,biker0291,24391
010101-0292,10293,10293,biker0292,24392
010101-0293,10294,10294,biker0293,24393
010101-0294,10295,10295,biker0294,24394
010101-0295,10296,10296,biker0295,24395
010101-0296,10297,10297,biker0296,24396
010101-0297,10298,10298,biker0297,24397
010101-0298,10299,10299,biker0298,24398
010101-0299,10300,10300,biker0299,24399
010101-0300,10301,10301,biker0300,24400
010101-0301,10302,10302,biker0301,24401
010101-0302,10303,10303,biker0302,24402
010101-0303,10304,10304,biker0303,24403
010101-0304,10305,10305,biker0304,24404
010101-0305,10306,10306,biker0305,24405
010101-0306,10307,10307,biker0306,24406
010101-0307,10308,10308,biker0307,24407
010101-0308,10309,10309,biker0308,24408
010101-0309,10310,10310,biker0309,24409
010101-0310,10311,10311,biker0310,24410
010101-0311,10312,10312,biker0311,24411
010101-0312,10313,10313,biker0312,24412
010101-0313,10314,10314,biker0313,24413
010101-0314,10315,10315,biker0314,24414
010101-0315,10316,10316,biker0315,24415
010101-0316,10317,10317,biker0316,24416
010101-0317,10318,10318,biker0317,24417
010101-0318,10319,10319,biker0318,24418
010101-0319,10320,10320,biker0319,24419
010101-0320,10321,10321,biker0320,24420
010101-0321,10322,10322,biker0321,24421
010101-0322,10323,10323,biker0322,24422
010101-0323,10324,10324,biker0323,24423
010101-0324,10325,10325,biker0324,24424
010101-0325,10326,10326,biker0325,24425
010101-0326,10327,10327,biker0326,24426
010101-0327,10328,10328,biker0327,24427
010101-0328,10329,10329,biker0328,24428
010101-0329,10330,10330,biker0329,24429
010101-0330,10331,10331,biker0330,24430
010101-0331,10332,10332,biker0331,24431
010101-0332,10333,10333,biker0332,24432
010101-0333,10334,10334,biker0333,24433
010101-0334,10335,10335,biker0334,24434
010101-0335,10336,10336,biker0335,24435
010101-0336,10337,10337,biker0336,24436
010101-0337,10338,10338,biker0337,24437
010101-0338,10339,10339,biker0338,24438
010101-0339,10340,10340,biker0339,24439
010101-0340,10341,10341,biker0340,24440
010101-0341,10342,10342,biker0341,24441
010101-0342,10343,10343,biker0342,24442
010101-0343,10344,10344,biker0343,24443
010101-0344,10345,10345,biker0344,24444
010101-0345,10346,10346,biker0345,24445
010101-0346,10347,10347,biker0346,24446
010101-0347,10348,10348,biker0347,24447
010101-0348,10349,10349,biker0348,24448
010101-0349,10350,10350,biker0349,24449
010101-0350,10351,10351,biker0350,24450
010101-0351,10352,10352,biker0351,24451
010101-0352,10353,10353,biker0352,24452
010101-0353,10354,10354,biker0353,24453
010101-0354,10355,10355,biker0354,24454
010101-0355,10356,10356,biker0355,24455
010101-0356,10357,10357,biker0356,24456
010101-0357,10358,10358,biker0357,24457
010101-0358,10359,10359,biker0358,24458
010101-0359,10360,10360,biker0359,24459
010101-0360,10361,10361,biker0360,24460
010101-0361,10362,10362,biker0361,24461
010101-0362,10363,10363,biker0362,24462
010101-0363,10364,10364,biker0363,24463
010101-0364,10365,10365,biker0364,24464
010101-0365,10366,10366,biker0365,24465
010101-0366,10367,10367,biker0366,24466
010101-0367,10368,10368,biker0367,24467
010101-0368,10369,10369,biker0368,24468
010101-0369,10370,10370,biker0369,24469
010101-0370,10371,10371,biker0370,24470
010101-0371,10372,10372,biker0371,24471
010101-0372,10373,10373,biker0372,24472
010101-0373,10374,10374,biker0373,24473
010101-0374,10375,10375,biker0374,24474
010101-0375,10376,10376,biker0375,24475
010101-0376,10377,10377,biker0376,24476
010101-0377,10378,10378,biker0377,24477
010101-0378,10379,10379,biker0378,24478
010101-0379,10380,10380,biker0379,24479
010101-0380,10381,10381,biker0380,24480
010101-0381,10382,10382,biker0381,24481
010101-0382,10383,10383,biker0382,24482
010101-0383,10384,10384,biker0383,24483
010101-0384,10385,10385,biker0384,24484
010101-0385,10386,10386,biker0385,24485
010101-0386,10387,10387,biker0386,24486
010101-0387,10388,10388,biker0387,24487
010101-0388,10389,10389,biker0388,24488
010101-0389,10390,10390,biker0389,24489
010101-0390,10391,10391,biker0390,24490
010101-0391,10392,10392,biker0391,24491
010101-0392,10393,10393,biker0392,24492
010101-0393,10394,10394,biker0393,24493
010101-0394,10395,10395,biker0394,24494
010101-0395,10396,10396,biker0395,24495
010101-0396,10397,10397,biker0396,24496
010101-0397,10398,10398,biker0397,24497
010101-0398,10399,10399,biker0398,24498
010101-0399,10400,10400,biker0399,24499
010101-0400,10401,10401,biker0400,24500
010101-0401,10402,10402,biker0401,24501
010101-0402,10403,10403,biker0402,24502
010101-0403,10404,10404,biker0403,24503
010101-0404,10405,10405,biker0404,24504
010101-0405,10406,10406,biker0405,24505
010101-0406,10407,10407,biker0406,24506
010101-0407,10408,10408,biker0407,24507
010101-0408,10409,10409,biker0408,24508
010101-0409,10410,10410,biker0409,24509
010101-0410,10411,10411,biker0410,24510
010101-0411,10412,10412,biker0411,24511
010101-0412,10413,10413,biker0412,24512
010101-0413,10414,10414,biker0413,24513
010101-0414,10415,10415,biker0414,24514
010101-0415,10416,10416,biker0415,24515
010101-0416,10417,10417,biker0416,24516
010101-0417,10418,10418,biker0417,24517
010101-0418,10419,10419,biker0418,24518
010101-0419,10420,10420,biker0419,24519
010101-0420,10421,10421,biker0420,24520
010101-0421,10422,10422,biker0421,24521
010101-0422,10423,10423,biker0422,24522
010101-0423,10424,10424,biker0423,24523
010101-0424,10425,10425,biker0424,24524
010101-0425,10426,10426,biker0425,24525
010101-0426,10427,10427,biker0426,24526
010101-0427,10428,10428,biker0427,24527
010101-0428,10429,10429,biker0428,24528
010101-0429,10430,10430,biker0429,24529
010101-0430,10431,10431,biker0430,24530
010101-0431,10432,10432,biker0431,24531
010101-0432,10433,10433,biker0432,24532
010101-0433,10434,10434,biker0433,24533
010101-0434,10435,10435,biker0434,24534
010101-0435,10436,10436,biker0435,24535
010101-0436,10437,10437,biker0436,24536
010101-0437,10438,10438,biker0437,24537
010101-0438,10439,10439,biker0438,24538
010101-0439,10440,10440,biker0439,24539
010101-0440,10441,10441,biker0440,24540
010101-0441,10442,10442,biker0441,24541
010101-0442,10443,10443,biker0442,24542
010101-0443,10444,10444,biker0443,24543
010101-0444,10445,10445,biker0444,24544
010101-0445,10446,10446,biker0445,24545
010101-0446,10447,10447,biker0446,24546
010101-0447,10448,10448,biker0447,24547
010101-0448,10449,10449,biker0448,24548
010101-0449,10450,10450,biker0449,24549
010101-0450,10451,10451,biker0450,24550
010101-0451,10452,10452,biker0451,24551
010101-0452,10453,10453,biker0452,24552
010101-0453,10454,10454,biker0453,24553
010101-0454,10455,10455,biker0454,24554
010101-0455,10456,10456,biker0455,24555
010101-0456,10457,10457,biker0456,24556
010101-0457,10458,10458,biker0457,24557
010101-0458,10459,10459,biker0458,24558
010101-0459,10460,10460,biker0459,24559
010101-0460,10461,10461,biker0460,24560
010101-0461,10462,10462,biker0461,24561
010101-0462,10463,10463,biker0462,24562
010101-0463,10464,10464,biker0463,24563
010101-0464,10465,10465,biker0464,24564
010101-0465,10466,10466,biker0465,24565
010101-0466,10467,10467,biker0466,24566
010101-0467,10468,10468,biker0467,24567
010101-0468,10469,10469,biker0468,24568
010101-0469,10470,10470,biker0469,24569
010101-0470,10471,10471,biker0470,24570
010101-0471,10472,10472,biker0471,24571
010101-0472,10473,10473,biker0472,24572
010101-0473,10474,10474,biker0473,24573
010101-0474,10475,10475,biker0474,24574
010101-0475,10476,10476,biker0475,24575
010101-0476,10477,10477,biker0476,24576
010101-0477,10478,10478,biker0477,24577
010101-0478,10479,10479,biker0478,24578
010101-0479,10480,10480,biker0479,24579
010101-0480,10481,10481,biker0480,24580
010101-0481,10482,10482,biker0481,24581
010101-0482,10483,10483,biker0482,24582
010101-0483,10484,10484,biker0483,24583
010101-0484,10485,10485,biker0484,24584
010101-0485,10486,10486,biker0485,24585
010101-0486,10487,10487,biker0486,24586
010101-0487,10488,10488,biker0487,24587
010101-0488,10489,10489,biker0488,24588
010101-0489,10490,10490,biker0489,24589
010101-0490,10491,10491,biker0490,24590
010101-0491,10492,10492,biker0491,24591
010101-0492,10493,10493,biker0492,24592
010101-0493,10494,10494,biker0493,24593
010101-0494,10495,10495,biker0494,24594
010101-0495,10496,10496,biker0495,24595
010101-0496,10497,10497,biker0496,24596
010101-0497,10498,10498,biker0497,24597
010101-0498,10499,10499,biker0498,24598
010101-0499,10500,10500,biker0499,24599
010101-0500,10501,10501,biker0500,24600
010101-0501,10502,10502,biker0501,24601
010101-0502,10503,10503,biker0502,24602
010101-0503,10504,10504,biker0503,24603
010101-0504,10505,10505,biker0504,24604
010101-0505,10506,10506,biker0505,24605
010101-0506,10507,10507,biker0506,24606
010101-0507,10508,10508,biker0507,24607
010101-0508,10509,10509,biker0508,24608
010101-0509,10510,10510,biker0509,24609
010101-0510,10511,10511,biker0510,24610
010101-0511,10512,10512,biker0511,24611
010101-0512,10513,10513,biker0512,24612
010101-0513,10514,10514,biker0513,24613
010101-0514,10515,10515,biker0514,24614
010101-0515,10516,10516,biker0515,24615
010101-0516,10517,10517,biker0516,24616
010101-0517,10518,10518,biker0517,24617
010101-0518,10519,10519,biker0518,24618
010101-0519,10520,10520,biker0519,24619
010101-0520,10521,10521,biker0520,24620
010101-0521,10522,10522,biker0521,24621
010101-0522,10523,10523,biker0522,24622
010101-0523,10524,10524,biker0523,24623
010101-0524,10525,10525,biker0524,24624
010101-0525,10526,10526,biker0525,24625
010101-0526,10527,10527,biker0526,24626
010101-0527,10528,10528,biker0527,24627
010101-0528,10529,10529,biker0528,24628
010101-0529,10530,10530,biker0529,24629
010101-0530,10531,10531,biker0530,24630
010101-0531,10532,10532,biker0531,24631
010101-0532,10533,10533,biker0532,24632
010101-0533,10534,10534,biker0533,24633
010101-0534,10535,10535,biker0534,24634
010101-0535,10536,10536,biker0535,24635
010101-0536,10537,10537,biker0536,24636
010101-0537,10538,10538,biker0537,24637
010101-0538,10539,10539,biker0538,24638
010101-0539,10540,10540,biker0539,24639
010101-0540,10541,10541,biker0540,24640
010101-0541,10542,10542,biker0541,24641
010101-0542,10543,10543,biker0542,24642
010101-0543,10544,10544,biker0543,24643
010101-0544,10545,10545,biker0544,24644
010101-0545,10546,10546,biker0545,24645
010101-0546,10547,10547,biker0546,24646
010101-0547,10548,10548,biker0547,24647
010101-0548,10549,10549,biker0548,24648
010101-0549,10550,10550,biker0549,24649
010101-0550,10551,10551,biker0550,24650
010101-0551,10552,10552,biker0551,24651
010101-0552,10553,10553,biker0552,24652
010101-0553,10554,10554,biker0553,24653
010101-0554,10555,10555,biker0554,24654
010101-0555,10556,10556,biker0555,24655
010101-0556,10557,10557,biker0556,24656
010101-0557,10558,10558,biker0557,24657
010101-0558,10559,10559,biker0558,24658
010101-0559,10560,10560,biker0559,24659
010101-0560,10561,10561,biker0560,24660
010101-0561,10562,10562,biker0561,24661
010101-0562,10563,10563,biker0562,24662
010101-0563,10564,10564,biker0563,24663
010101-0564,10565,10565,biker0564,24664
010101-0565,10566,10566,biker0565,24665
010101-0566,10567,10567,biker0566,24666
010101-0567,10568,10568,biker0567,24667
010101-0568,10569,10569,biker0568,24668
010101-0569,10570,10570,biker0569,24669
010101-0570,10571,10571,biker0570,24670
010101-0571,10572,10572,biker0571,24671
010101-0572,10573,10573,biker0572,24672
010101-0573,10574,10574,biker0573,24673
010101-0574,10575,10575,biker0574,24674
010101-0575,10576,10576,biker0575,24675
010101-0576,10577,10577,biker0576,24676
010101-0577,10578,10578,biker0577,24677
010101-0578,10579,10579,biker0578,24678
010101-0579,10580,10580,biker0579,24679
010101-0580,10581,10581,biker0580,24680
010101-0581,10582,10582,biker0581,24681
010101-0582,10583,10583,biker0582,24682
010101-0583,10584,10584,biker0583,24683
010101-0584,10585,10585,biker0584,24684
010101-0585,10586,10586,biker0585,24685
010101-0586,10587,10587,biker0586,24686
010101-0587,10588,10588,biker0587,24687
010101-0588,10589,10589,biker0588,24688
010101-0589,10590,10590,biker0589,24689
010101-0590,10591,10591,biker0590,24690
010101-0591,10592,10592,biker0591,24691
010101-0592,10593,10593,biker0592,24692
010101-0593,10594,10594,biker0593,24693
010101-0594,10595,10595,biker0594,24694
010101-0595,10596,10596,biker0595,24695
010101-0596,10597,10597,biker0596,24696
010101-0597,10598,10598,biker0597,24697
010101-0598,10599,10599,biker0598,24698
010101-0599,10600,10600,biker0599,24699
010101-0600,10601,10601,biker0600,24700
010101-0601,10602,10602,biker0601,24701
010101-0602,10603,10603,biker0602,24702
010101-0603,10604,10604,biker0603,24703
010101-0604,10605,10605,biker0604,24704
010101-0605,10606,10606,biker0605,24705
010101-0606,10607,10607,biker0606,24706
010101-0607,10608,10608,biker0607,24707
010101-0608,10609,10609,biker0608,24708
010101-0609,10610,10610,biker0609,24709
010101-0610,10611,10611,biker0610,24710
010101-0611,10612,10612,biker0611,24711
010101-0612,10613,10613,biker0612,24712
010101-0613,10614,10614,biker0613,24713
010101-0614,10615,10615,biker0614,24714
010101-0615,10616,10616,biker0615,24715
010101-0616,10617,10617,biker0616,24716
010101-0617,10618,10618,biker0617,24717
010101-0618,10619,10619,biker0618,24718
010101-0619,10620,10620,biker0619,24719
010101-0620,10621,10621,biker0620,24720
010101-0621,10622,10622,biker0621,24721
010101-0622,10623,10623,biker0622,24722
010101-0623,10624,10624,biker0623,24723
010101-0624,10625,10625,biker0624,24724
010101-0625,10626,10626,biker0625,24725
010101-0626,10627,10627,biker0626,24726
010101-0627,10628,10628,biker0627,24727
010101-0628,10629,10629,biker0628,24728
010101-0629,10630,10630,biker0629,24729
010101-0630,10631,10631,biker0630,24730
010101-0631,10632,10632,biker0631,24731
010101-0632,10633,10633,biker0632,24732
010101-0633,10634,10634,biker0633,24733
010101-0634,10635,10635,biker0634,24734
010101-0635,10636,10636,biker0635,24735
010101-0636,10637,10637,biker0636,24736
010101-0637,10638,10638,biker0637,24737
010101-0638,10639,10639,biker0638,24738
010101-0639,10640,10640,biker0639,24739
010101-0640,10641,10641,biker0640,24740
010101-0641,10642,10642,biker0641,24741
010101-0642,10643,10643,biker0642,24742
010101-0643,10644,10644,biker0643,24743
010101-0644,10645,10645,biker0644,24744
010101-0645,10646,10646,biker0645,24745
010101-0646,10647,10647,biker0646,24746
010101-0647,10648,10648,biker0647,24747
010101-0648,10649,10649,biker0648,24748
010101-0649,10650,10650,biker0649,24749
010101-0650,10651,10651,biker0650,24750
010101-0651,10652,10652,biker0651,24751
010101-0652,10653,10653,biker0652,24752
010101-0653,10654,10654,biker0653,24753
010101-0654,10655,10655,biker0654,24754
010101-0655,10656,10656,biker0655,24755
010101-0656,10657,10657,biker0656,24756
010101-0657,10658,10658,biker0657,24757
010101-0658,10659,10659,biker0658,24758
010101-0659,10660,10660,biker0659,24759
010101-0660,10661,10661,biker0660,24760
010101-0661,10662,10662,biker0661,24761
010101-0662,10663,10663,biker0662,24762
010101-0663,10664,10664,biker0663,24763
010101-0664,10665,10665,biker0664,24764
010101-0665,10666,10666,biker0665,24765
010101-0666,10667,10667,biker0666,24766
010101-0667,10668,10668,biker0667,24767
010101-0668,10669,10669,biker0668,24768
010101-0669,10670,10670,biker0669,24769
010101-0670,10671,10671,biker0670,24770
010101-0671,10672,10672,biker0671,24771
010101-0672,10673,10673,biker0672,24772
010101-0673,10674,10674,biker0673,24773
010101-0674,10675,10675,biker0674,24774
010101-0675,10676,10676,biker0675,24775
010101-0676,10677,10677,biker0676,24776
010101-0677,10678,10678,biker0677,24777
010101-0678,10679,10679,biker0678,24778
010101-0679,10680,10680,biker0679,24779
010101-0680,10681,10681,biker0680,24780
010101-0681,10682,10682,biker0681,24781
010101-0682,10683,10683,biker0682,24782
010101-0683,10684,10684,biker0683,24783
010101-0684,10685,10685,biker0684,24784
010101-0685,10686,10686,biker0685,24785
010101-0686,10687,10687,biker0686,24786
010101-0687,10688,10688,biker0687,24787
010101-0688,10689,10689,biker0688,24788
010101-0689,10690,10690,biker0689,24789
010101-0690,10691,10691,biker0690,24790
010101-0691,10692,10692,biker0691,24791
010101-0692,10693,10693,biker0692,24792
010101-0693,10694,10694,biker0693,24793
010101-0694,10695,10695,biker0694,24794
010101-0695,10696,10696,biker0695,24795
010101-0696,10697,10697,biker0696,24796
010101-0697,10698,10698,biker0697,24797
010101-0698,10699,10699,biker0698,24798
010101-0699,10700,10700,biker0699,24799
010101-0700,10701,10701,biker0700,24800
010101-0701,10702,10702,biker0701,24801
010101-0702,10703,10703,biker0702,24802
010101-0703,10704,10704,biker0703,24803
010101-0704,10705,10705,biker0704,24804
010101-0705,10706,10706,biker0705,24805
010101-0706,10707,10707,biker0706,24806
010101-0707,10708,10708,biker0707,24807
010101-0708,10709,10709,biker0708,24808
010101-0709,10710,10710,biker0709,24809
010101-0710,10711,10711,biker0710,24810
010101-0711,10712,10712,biker0711,24811
010101-0712,10713,10713,biker0712,24812
010101-0713,10714,10714,biker0713,24813
010101-0714,10715,10715,biker0714,24814
010101-0715,10716,10716,biker0715,24815
010101-0716,10717,10717,biker0716,24816
010101-0717,10718,10718,biker0717,24817
010101-0718,10719,10719,biker0718,24818
010101-0719,10720,10720,biker0719,24819
010101-0720,10721,10721,biker0720,24820
010101-0721,10722,10722,biker0721,24821
010101-0722,10723,10723,biker0722,24822
010101-0723,10724,10724,biker0723,24823
010101-0724,10725,10725,biker0724,24824
010101-0725,10726,10726,biker0725,24825
010101-0726,10727,10727,biker0726,24826
010101-0727,10728,10728,biker0727,24827
010101-0728,10729,10729,biker0728,24828
010101-0729,10730,10730,biker0729,24829
010101-0730,10731,10731,biker0730,24830
010101-0731,10732,10732,biker0731,24831
010101-0732,10733,10733,biker0732,24832
010101-0733,10734,10734,biker0733,24833
010101-0734,10735,10735,biker0734,24834
010101-0735,10736,10736,biker0735,24835
010101-0736,10737,10737,biker0736,24836
010101-0737,10738,10738,biker0737,24837
010101-0738,10739,10739,biker0738,24838
010101-0739,10740,10740,biker0739,24839
010101-0740,10741,10741,biker0740,24840
010101-0741,10742,10742,biker0741,24841
010101-0742,10743,10743,biker0742,24842
010101-0743,10744,10744,biker0743,24843
010101-0744,10745,10745,biker0744,24844
010101-0745,10746,10746,biker0745,24845
010101-0746,10747,10747,biker0746,24846
010101-0747,10748,10748,biker0747,24847
010101-0748,10749,10749,biker0748,24848
010101-0749,10750,10750,biker0749,24849
010101-0750,10751,10751,biker0750,24850
010101-0751,10752,10752,biker0751,24851
010101-0752,10753,10753,biker0752,24852
010101-0753,10754,10754,biker0753,24853
010101-0754,10755,10755,biker0754,24854
010101-0755,10756,10756,biker0755,24855
010101-0756,10757,10757,biker0756,24856
010101-0757,10758,10758,biker0757,24857
010101-0758,10759,10759,biker0758,24858
010101-0759,10760,10760,biker0759,24859
010101-0760,10761,10761,biker0760,24860
010101-0761,10762,10762,biker0761,24861
010101-0762,10763,10763,biker0762,24862
010101-0763,10764,10764,biker0763,24863
010101-0764,10765,10765,biker0764,24864
010101-0765,10766,10766,biker0765,24865
010101-0766,10767,10767,biker0766,24866
010101-0767,10768,10768,biker0767,24867
010101-0768,10769,10769,biker0768,24868
010101-0769,10770,10770,biker0769,24869
010101-0770,10771,10771,biker0770,24870
010101-0771,10772,10772,biker0771,24871
010101-0772,10773,10773,biker0772,24872
010101-0773,10774,10774,biker0773,24873
010101-0774,10775,10775,biker0774,24874
010101-0775,10776,10776,biker0775,24875
010101-0776,10777,10777,biker0776,24876
010101-0777,10778,10778,biker0777,24877
010101-0778,10779,10779,biker0778,24878
010101-0779,10780,10780,biker0779,24879
010101-0780,10781,10781,biker0780,24880
010101-0781,10782,10782,biker0781,24881
010101-0782,10783,10783,biker0782,24882
010101-0783,10784,10784,biker0783,24883
010101-0784,10785,10785,biker0784,24884
010101-0785,10786,10786,biker0785,24885
010101-0786,10787,10787,biker0786,24886
010101-0787,10788,10788,biker0787,24887
010101-0788,10789,10789,biker0788,24888
010101-0789,10790,10790,biker0789,24889
010101-0790,10791,10791,biker0790,24890
010101-0791,10792,10792,biker0791,24891
010101-0792,10793,10793,biker0792,24892
010101-0793,10794,10794,biker0793,24893
010101-0794,10795,10795,biker0794,24894
010101-0795,10796,10796,biker0795,24895
010101-0796,10797,10797,biker0796,24896
010101-0797,10798,10798,biker0797,24897
010101-0798,10799,10799,biker0798,24898
010101-0799,10800,10800,biker0799,24899
010101-0800,10801,10801,biker0800,24900
010101-0801,10802,10802,biker0801,24901
010101-0802,10803,10803,biker0802,24902
010101-0803,10804,10804,biker0803,24903
010101-0804,10805,10805,biker0804,24904
010101-0805,10806,10806,biker0805,24905
010101-0806,10807,10807,biker0806,24906
010101-0807,10808,10808,biker0807,24907
010101-0808,10809,10809,biker0808,24908
010101-0809,10810,10810,biker0809,24909
010101-0810,10811,10811,biker0810,24910
010101-0811,10812,10812,biker0811,24911
010101-0812,10813,10813,biker0812,24912
010101-0813,10814,10814,biker0813,24913
010101-0814,10815,10815,biker0814,24914
010101-0815,10816,10816,biker0815,24915
010101-0816,10817,10817,biker0816,24916
010101-0817,10818,10818,biker0817,24917
010101-0818,10819,10819,biker0818,24918
010101-0819,10820,10820,biker0819,24919
010101-0820,10821,10821,biker0820,24920
010101-0821,10822,10822,biker0821,24921
010101-0822,10823,10823,biker0822,24922
010101-0823,10824,10824,biker0823,24923
010101-0824,10825,10825,biker0824,24924
010101-0825,10826,10826,biker0825,24925
010101-0826,10827,10827,biker0826,24926
010101-0827,10828,10828,biker0827,24927
010101-0828,10829,10829,biker0828,24928
010101-0829,10830,10830,biker0829,24929
010101-0830,10831,10831,biker0830,24930
010101-0831,10832,10832,biker0831,24931
010101-0832,10833,10833,biker0832,24932
010101-0833,10834,10834,biker0833,24933
010101-0834,10835,10835,biker0834,24934
010101-0835,10836,10836,biker0835,24935
010101-0836,10837,10837,biker0836,24936
010101-0837,10838,10838,biker0837,24937
010101-0838,10839,10839,biker0838,24938
010101-0839,10840,10840,biker0839,24939
010101-0840,10841,10841,biker0840,24940
010101-0841,10842,10842,biker0841,24941
010101-0842,10843,10843,biker0842,24942
010101-0843,10844,10844,biker0843,24943
010101-0844,10845,10845,biker0844,24944
010101-0845,10846,10846,biker0845,24945
010101-0846,10847,10847,biker0846,24946
010101-0847,10848,10848,biker0847,24947
010101-0848,10849,10849,biker0848,24948
010101-0849,10850,10850,biker0849,24949
010101-0850,10851,10851,biker0850,24950
010101-0851,10852,10852,biker0851,24951
010101-0852,10853,10853,biker0852,24952
010101-0853,10854,10854,biker0853,24953
010101-0854,10855,10855,biker0854,24954
010101-0855,10856,10856,biker0855,24955
010101-0856,10857,10857,biker0856,24956
010101-0857,10858,10858,biker0857,24957
010101-0858,10859,10859,biker0858,24958
010101-0859,10860,10860,biker0859,24959
010101-0860,10861,10861,biker0860,24960
010101-0861,10862,10862,biker0861,24961
010101-0862,10863,10863,biker0862,24962
010101-0863,10864,10864,biker0863,24963
010101-0864,10865,10865,biker0864,24964
010101-0865,10866,10866,biker0865,24965
010101-0866,10867,10867,biker0866,24966
010101-0867,10868,10868,biker0867,24967
010101-0868,10869,10869,biker0868,24968
010101-0869,10870,10870,biker0869,24969
010101-0870,10871,10871,biker0870,24970
010101-0871,10872,10872,biker0871,24971
010101-0872,10873,10873,biker0872,24972
010101-0873,10874,10874,biker0873,24973
010101-0874,10875,10875,biker0874,24974
010101-0875,10876,10876,biker0875,24975
010101-0876,10877,10877,biker0876,24976
010101-0877,10878,10878,biker0877,24977
010101-0878,10879,10879,biker0878,24978
010101-0879,10880,10880,biker0879,24979
010101-0880,10881,10881,biker0880,24980
010101-0881,10882,10882,biker0881,24981
010101-0882,10883,10883,biker0882,24982
010101-0883,10884,10884,biker0883,24983
010101-0884,10885,10885,biker0884,24984
010101-0885,10886,10886,biker0885,24985
010101-0886,10887,10887,biker0886,24986
010101-0887,10888,10888,biker0887,24987
010101-0888,10889,10889,biker0888,24988
010101-0889,10890,10890,biker0889,24989
010101-0890,10891,10891,biker0890,24990
010101-0891,10892,10892,biker0891,24991
010101-0892,10893,10893,biker0892,24992
010101-0893,10894,10894,biker0893,24993
010101-0894,10895,10895,biker0894,24994
010101-0895,10896,10896,biker0895,24995
010101-0896,10897,10897,biker0896,24996
010101-0897,10898,10898,biker0897,24997
010101-0898,10899,10899,biker0898,24998
010101-0899,10900,10900,biker0899,24999
010101-0900,10901,10901,biker0900,25000
010101-0901,10902,10902,biker0901,25001
010101-0902,10903,10903,biker0902,25002
010101-0903,10904,10904,biker0903,25003
010101-0904,10905,10905,biker0904,25004
010101-0905,10906,10906,biker0905,25005
010101-0906,10907,10907,biker0906,25006
010101-0907,10908,10908,biker0907,25007
010101-0908,10909,10909,biker0908,25008
010101-0909,10910,10910,biker0909,25009
010101-0910,10911,10911,biker0910,25010
010101-0911,10912,10912,biker0911,25011
010101-0912,10913,10913,biker0912,25012
010101-0913,10914,10914,biker0913,25013
010101-0914,10915,10915,biker0914,25014
010101-0915,10916,10916,biker0915,25015
010101-0916,10917,10917,biker0916,25016
010101-0917,10918,10918,biker0917,25017
010101-0918,10919,10919,biker0918,25018
010101-0919,10920,10920,biker0919,25019
010101-0920,10921,10921,biker0920,25020
010101-0921,10922,10922,biker0921,25021
010101-0922,10923,10923,biker0922,25022
010101-0923,10924,10924,biker0923,25023
010101-0924,10925,10925,biker0924,25024
010101-0925,10926,10926,biker0925,25025
010101-0926,10927,10927,biker0926,25026
010101-0927,10928,10928,biker0927,25027
010101-0928,10929,10929,biker0928,25028
010101-0929,10930,10930,biker0929,25029
010101-0930,10931,10931,biker0930,25030
010101-0931,10932,10932,biker0931,25031
010101-0932,10933,10933,biker0932,25032
010101-0933,10934,10934,biker0933,25033
010101-0934,10935,10935,biker0934,25034
010101-0935,10936,10936,biker0935,25035
010101-0936,10937,10937,biker0936,25036
010101-0937,10938,10938,biker0937,25037
010101-0938,10939,10939,biker0938,25038
010101-0939,10940,10940,biker0939,25039
010101-0940,10941,10941,biker0940,25040
010101-0941,10942,10942,biker0941,25041
010101-0942,10943,10943,biker0942,25042
010101-0943,10944,10944,biker0943,25043
010101-0944,10945,10945,biker0944,25044
010101-0945,10946,10946,biker0945,25045
010101-0946,10947,10947,biker0946,25046
010101-0947,10948,10948,biker0947,25047
010101-0948,10949,10949,biker0948,25048
010101-0949,10950,10950,biker0949,25049
010101-0950,10951,10951,biker0950,25050
010101-0951,10952,10952,biker0951,25051
010101-0952,10953,10953,biker0952,25052
010101-0953,10954,10954,biker0953,25053
010101-0954,10955,10955,biker0954,25054
010101-0955,10956,10956,biker0955,25055
010101-0956,10957,10957,biker0956,25056
010101-0957,10958,10958,biker0957,25057
010101-0958,10959,10959,biker0958,25058
010101-0959,10960,10960,biker0959,25059
010101-0960,10961,10961,biker0960,25060
010101-0961,10962,10962,biker0961,25061
010101-0962,10963,10963,biker0962,25062
010101-0963,10964,10964,biker0963,25063
010101-0964,10965,10965,biker0964,25064
010101-0965,10966,10966,biker0965,25065
010101-0966,10967,10967,biker0966,25066
010101-0967,10968,10968,biker0967,25067
010101-0968,10969,10969,biker0968,25068
010101-0969,10970,10970,biker0969,25069
010101-0970,10971,10971,biker0970,25070
010101-0971,10972,10972,biker0971,25071
010101-0972,10973,10973,biker0972,25072
010101-0973,10974,10974,biker0973,25073
010101-0974,10975,10975,biker0974,25074
010101-0975,10976,10976,biker0975,25075
010101-0976,10977,10977,biker0976,25076
010101-0977,10978,10978,biker0977,25077
010101-0978,10979,10979,biker0978,25078
010101-0979,10980,10980,biker0979,25079
010101-0980,10981,10981,biker0980,25080
010101-0981,10982,10982,biker0981,25081
010101-0982,10983,10983,biker0982,25082
010101-0983,10984,10984,biker0983,25083
010101-0984,10985,10985,biker0984,25084
010101-0985,10986,10986,biker0985,25085
010101-0986,10987,10987,biker0986,25086
010101-0987,10988,10988,biker0987,25087
010101-0988,10989,10989,biker0988,25088
010101-0989,10990,10990,biker0989,25089
010101-0990,10991,10991,biker0990,25090
010101-0991,10992,10992,biker0991,25091
010101-0992,10993,10993,biker0992,25092
010101-0993,10994,10994,biker0993,25093
010101-0994,10995,10995,biker0994,25094
010101-0995,10996,10996,biker0995,25095
010101-0996,10997,10997,biker0996,25096
010101-0997,10998,10998,biker0997,25097
010101-0998,10999,10999,biker0998,25098
010101-0999,11000,11000,biker0999,25099